"","X1","X2","X3"
"1",17.6965749193535,1.50698299997321,12.1513528349586
"2",20.3439205542856,2.32539786881543,9.11386235870848
"3",17.1839006684835,1.34746757469434,12.7440043943547
"4",37.751425000124,2.58314114005016,15.3611282309789
"5",17.2167750162723,1.13256192975756,14.6055133850018
"6",15.8797318986557,1.03675513123469,15.0510169537165
"7",3.78151608827904,0.557996203964951,6.11910831952612
"8",18.4824399547048,1.66287189937692,11.4252820638053
"9",18.0082190817957,1.29707256406218,13.5928248391821
"10",5.65482699882454,0.744758031137326,7.38491472468834
"11",18.4072165470478,1.26881310407425,13.8828372267113
"12",16.6366646260748,1.1540587712176,14.2678583273495
"13",16.5591778683507,1.08141305880988,14.907241170544
"14",21.7701794909817,1.70828757895575,12.3546793040963
"16",20.4955273314638,1.44311956264163,14.7145422527135
"17",28.1050378513767,2.0376074472113,14.5992615731586
"18",7.93654922403144,0.688777358609336,10.4061877463101
"19",40.7004001741043,1.66787829910532,24.3900056531007
"20",18.7791931638451,1.51434652946698,12.3742095996436
"21",41.1057751489354,2.40847296730223,17.8880012519703
"22",27.5674741326241,3.19852379254228,9.29813651188593
"23",1.93994643741888,0.417123247609809,4.001
"24",4.8707503363563,0.511171657640721,8.41170253954289
"25",7.19464330116872,0.708778530962493,10.3026788426388
"26",17.6053238776368,1.34006152423016,13.0779048254499
"27",16.3757916434786,1.23194023521172,13.4127794624416
"28",10.0209524690792,0.995100524051448,10.205512767786
"29",13.786436524336,3.14213064282151,4.94900911692634
"30",18.0254548059126,1.49297707039422,12.314204552846
"31",1.6842109732537,0.354096893389392,4.001
"32",2.10743386646725,0.463351286141204,4.001
"33",18.6923585100411,1.18298080574511,14.4851661606321
"34",17.3434808819978,1.09376053090014,14.9547807568557
"35",18.4412183923489,1.40750325176916,13.3881355190367
"36",17.0127296452793,1.31509401956661,12.9729191204662
"37",5.85809591104894,1.66747540295126,4.001
"38",33.7190718479262,1.99428475265636,17.0816999181262
"39",17.7312847734303,1.19516915080828,14.2735149856506
"40",30.9520808060695,1.91494768322965,17.1245670959555
"41",22.2500066473575,1.60164059039405,14.0224243903289
"42",2.82744869640835,0.505114280458833,5.3118008892265
"43",15.6726762192934,1.11435142776786,14.1590955849253
"44",5.41435834001193,0.625356657989774,8.22607770886368
"45",16.6837426102475,1.16908670500118,14.1189349226567
"46",17.7064329515258,1.47398177696502,12.1462577944883
"47",16.2617511891781,1.2259058900541,13.4697687042926
"48",18.6955060875829,1.57143017037486,12.0012343592954
"50",19.0828161717973,1.30918116810218,13.7049376978776
"51",18.3815752170832,1.61826073750991,12.2946483993793
"53",16.724528233521,1.18517674915393,14.0136565894304
"54",25.0311286089264,1.39452323210865,17.8067719089097
"55",31.8016098679226,1.94907663133865,16.385626837918
"56",18.0153716586177,1.60040155793343,12.0325185590214
"57",14.0852493376077,3.53089582823622,5.18293140973861
"58",17.3580589126933,1.25673933524755,13.7282975966804
"59",27.9809631659141,1.36583009383534,19.8999762826653
"60",15.9275697996384,0.927012194154275,16.1382958083392
"61",41.9234644241209,2.47171456395997,17.2158031503131
"62",39.5726736827854,2.28781548695076,18.0330977735707
"63",39.786315695385,2.36262714862033,17.768371975732
"64",19.7334051094532,1.71955605193552,11.3846899780683
"65",21.0069755504723,2.51566191067493,8.71018551695229
"66",18.4545085360609,1.53806813086808,11.9273504598694
"67",17.8240432577131,1.64000053893668,11.756385649347
"68",33.0684225024562,1.70027866568021,19.6792362612048
"69",18.0145311022781,1.38772133005644,12.9215229926785
"70",13.1291983085206,1.21692328207034,10.3097989407926
"71",20.4590088836624,1.59524829379219,12.4038366509356
"72",15.4038611975925,1.03984190360135,14.9944355356927
"73",15.8959912085635,1.13732332668641,14.0214726156045
"74",41.1570012131621,2.40641896284727,17.1731295460601
"76",17.9426469277217,1.48547607453025,12.488585204349
"77",55.9168437509535,3.60479980609206,17.0441388790988
"78",24.9698122634734,1.57203605910223,16.0411389684462
"79",16.6446293486183,1.30352613871315,12.996195160087
"80",18.8615862439398,1.44169732501796,12.9057798739301
"81",17.490969793741,1.56471126371818,12.0353800584182
"82",16.7332413554543,1.30083412538816,13.0409829364866
"83",35.2400561784443,2.37236897736461,15.6525073100075
"84",16.1173949111847,1.04107615797116,15.1462677467669
"85",45.695011942826,2.90132782286157,16.3149605072392
"86",15.7048977887397,1.12990954588006,14.2180377831611
"87",17.4774118103297,1.27182687397479,13.5917485878989
"88",18.0899231185212,1.59021062638718,11.7259476646134
"89",16.3857533959097,2.7990422500636,6.20605708160966
"90",19.3907494712506,1.35044358193698,13.6807256508482
"91",17.6411213072734,1.26587761202079,13.6321017068221
"92",15.5582435185394,0.995507033712081,15.38974124689
"93",21.7613847966114,1.8446083523494,11.3927695037029
"94",12.8682479969278,0.878285948396277,15.0020754501896
"95",13.9480997571791,1.48671195613005,9.33670078421664
"96",3.16031399451928,0.792154055657794,4.00103082134111
"97",17.9163419807286,1.6150958320093,11.4754979077697
"98",21.3934161194985,1.83350245073112,11.359334573318
"99",3.18985336775307,0.641234104919036,5.67697409336635
"100",24.8817414018159,1.21637420499821,20.1651065395771
"101",15.4316025845261,1.0983594314274,14.3664282951742
"102",31.4802697299259,2.54814491532398,11.9167194353078
"103",13.4062403557786,0.856136598095413,15.9658987519248
"104",23.0492185766433,2.30586568577761,9.73993545369245
"105",1.92899563716564,0.398772671565797,4.001
"106",17.8030917428907,1.30895759671858,13.4419241318847
"107",29.3247662399422,2.32958372287658,12.9674301629098
"108",29.9257416933787,2.33003143462892,13.4307171663663
"109",15.3557000048955,1.13538542613085,14.2666962980916
"110",20.4586149355005,1.4956698645687,13.4884588406367
"111",19.8376143990362,1.68259817897326,11.6233861189509
"112",15.5371161205026,1.0021366769932,15.2918933076577
"113",20.2901584206868,1.75683201362851,11.4266550319965
"114",18.6666143902524,1.70669703202563,11.4443920776232
"115",16.5029203283116,1.1741848043551,14.0426486186417
"116",14.3283616410687,0.94508313620836,15.4760514549944
"117",19.5521967718603,1.54992653472774,12.3019129829159
"118",30.6834927106067,1.73323725958094,17.8407260029208
"119",55.595125108723,3.58958724009921,16.3317061828344
"120",17.8502195066808,1.54654867237033,11.861966583761
"121",19.8403902725014,1.52362957155094,12.8219782875858
"122",19.6957486459158,1.70656818819169,11.6004278389386
"123",16.1822313100934,1.10538267224128,14.4604230960362
"124",17.5021475875785,1.42234872007308,12.4804385762124
"125",43.3629724682276,1.78059985649007,24.442419084634
"126",15.6249638270412,1.21069859008258,13.9490560573417
"127",17.5962630658187,1.1810184832792,14.350999765599
"128",2.46797355997852,0.534561203648543,4.001
"129",16.4525153057042,1.14767982968385,14.2019694012269
"130",11.8123120971636,1.05832935405909,10.9583419879918
"131",18.981688344176,1.55383215499019,12.2473786961923
"132",13.9307139629928,0.83319913674983,16.625544850934
"133",30.0930463194311,1.56454035862238,18.1909268564251
"134",14.649479367383,0.954227322465373,15.3944401881832
"135",39.9006796997777,2.39325816226542,17.1012327343751
"136",18.4582410867529,1.57043873987108,11.7825026886353
"137",29.8641304081551,1.75559172717004,17.113551390334
"138",25.0667484009655,3.60065237015032,7.04427071362772
"139",1.63703311958616,0.303857031982939,4.86178696514122
"140",30.1881276408076,1.90738044801149,15.5925121108463
"141",16.8505311364039,1.10081354897774,14.8267361750267
"142",14.3208220799038,0.925575629458605,15.5533304636744
"143",17.1173465848574,1.32826655094456,13.3935109645028
"144",20.3544978585658,2.41109744999237,9.21048229716137
"145",16.1555123179456,1.24497744348968,13.571592274494
"146",16.3245143314418,1.03015042669323,15.3129093576718
"147",45.0056387308569,2.71947415221345,17.5685112158638
"148",15.7801885045674,0.954457723990835,15.8855607935307
"149",3.69787081842822,1.11484546327068,4.001
"150",52.952379181113,2.37525382968295,22.623079323129
"151",35.3068031118982,1.95759792799372,18.3632779555285
"152",19.487976243383,1.59748204953146,12.0720731631446
"153",16.3304767142317,1.27553627144893,13.4764046522908
"154",33.7696693505991,1.85018799238128,18.0874378163783
"155",2.3449812921538,0.646904095751976,4.001
"156",33.662205303017,2.20747255974732,15.2739021974106
"157",15.7652897739209,1.16632457505359,14.3247366184714
"158",26.7697738122672,7.53095444288528,4.001
"159",6.21957876360522,0.72771019860027,7.8591312815269
"160",17.8607911039872,1.36108617050068,13.6701504938818
"161",34.5327806836478,2.03405354530766,17.4979872421881
"162",24.3032234362301,5.0461002778329,5.04430877350305
"163",17.4534072228582,1.50795582889295,12.3270220458569
"164",41.2576777454571,2.4189651115403,17.7640520205736
"165",18.066909162521,1.33720566694902,13.3365140834905
"167",18.4925683835986,1.26644259515693,13.9754681320934
"168",17.7424132097489,1.26998008468198,13.7001355202413
"169",19.2511518841954,1.60729533134946,12.5301702468756
"170",18.4857806629748,1.5755069950408,12.0670307049052
"171",17.8404111413933,1.50841103891089,11.9692910045915
"172",17.4139148651239,1.30095375327806,13.2872284793883
"173",17.583538376416,1.22409088463019,14.0054089337937
"174",3.37475334496135,0.921588649357521,4.001
"175",13.9024571384279,0.836806910662405,16.50848020749
"176",2.08894406523138,0.529328925011706,4.001
"177",40.2017990002048,2.36079613288557,17.8833678203593
"178",32.5461881672612,1.84039837591528,18.3022376442304
"179",14.8645825344413,1.05756644366808,14.7666723545425
"180",18.6341898178776,1.40163317609683,13.1131482942631
"181",5.76239724935351,0.69171727273646,8.55445338868007
"182",20.1628662122345,1.45470101654082,14.5647310248237
"183",16.4327355219358,1.08720638800458,14.7789643860887
"184",20.2566139069639,2.37260875249748,9.30625234980276
"185",16.2025091311199,1.29002408954112,13.4287511613055
"186",16.874300444271,1.30751586463542,13.0014878357204
"187",2.1259640190552,0.57232423640389,4.001
"188",6.15567760791103,0.713555977134302,8.231274193004
"189",16.8299900573876,1.3264858014819,12.9784463469148
"190",17.0801363822204,1.19959851239062,14.0974037341086
"191",3.39437678024632,0.523877642989262,5.74358715440476
"192",18.3463523204834,1.34673567158966,13.3199457560689
"193",26.5816170554152,1.78385608801547,14.3596800160397
"194",4.65809643417273,0.516847407654104,8.60916845843203
"195",35.7851848932546,2.00782896375882,18.4880184467386
"196",20.1787348150472,1.36842782157836,15.7884854658188
"197",50.1792729371657,3.10598367592263,16.30250346509
"198",19.7288919666817,2.32109221044129,9.5802995025247
"199",16.2879957532089,1.5878705304901,10.4800968376895
"200",17.6653033410359,1.30606598629425,13.5485259900764
"201",2.32541344240707,0.478017611340929,4.001
"202",14.9210145558223,1.07429403943505,14.6758422305867
"203",16.5890598271746,1.25001850507967,13.7567942975701
"204",22.6505483256862,3.20385326314763,7.64327821402306
"205",16.0011139301546,1.22567229037001,13.7666780610097
"206",17.8698866803112,1.38962614526525,12.8005763334973
"207",17.272556513591,1.3531563951278,12.9632109568706
"208",16.6009030008361,1.17429475060373,14.0282946555876
"209",17.7644679375851,1.29355426403687,13.5130313363356
"210",18.4329181422883,1.72581758162681,11.2123059246395
"211",3.11075260177155,0.480644475544719,5.84067276738485
"213",19.4002006169583,1.81826960257522,10.7287564983916
"214",20.5190516308533,1.59613323436609,12.4342226683781
"215",17.7951997400727,1.47953934411117,12.1215893131503
"216",3.82544630532224,0.867396424838868,4.001
"217",19.2039530759063,1.47885456463695,12.6799781224344
"218",16.5684199927024,1.04342608099821,15.237107647596
"219",14.1247776094468,1.37238432670366,9.49789227579222
"221",20.0420672475791,1.42977771019114,14.5980722095335
"222",17.1560013707043,1.30615401370819,13.1042414471408
"223",29.5108862141539,2.18749325667798,13.9135162084256
"224",19.7439471135764,1.65529963671871,11.8287296800667
"225",22.6795697267412,1.91085397754088,11.0994509686812
"226",15.7938430800308,0.958622200950865,15.8286099676472
"227",17.7448579785445,1.49175671701066,12.1480968736552
"228",39.2623952386642,2.26382148875456,17.5892989493058
"229",14.296713390454,1.40955005575213,10.5793704209849
"230",1.97325687549355,0.488808723701704,4.001
"231",5.1922961121713,0.611812804140006,7.38573228516893
"232",17.2289614298414,1.55187423654965,12.1301258883523
"233",16.2516330216045,0.944496486352622,16.1338568699801
"234",28.3618290139202,1.41663425345833,19.7115605295815
"235",3.00428761476908,0.692017883415144,4.001
"236",23.0604061957972,2.51005428792919,9.01709448130158
"237",17.6177383063057,1.49390630579625,12.0305498345613
"238",18.5026392468042,1.42064662605644,12.8950211938491
"239",18.6228434053217,1.31358983344913,13.6190467821004
"240",16.6165816464011,1.19716180243195,13.9396322416336
"241",1.2035606955389,0.289950293956649,4.001
"242",16.867691332152,1.36115779978253,13.0722967289895
"243",16.1941309080048,1.04589575435897,15.1065599934272
"244",16.324305428626,1.11642718211106,14.4183267257808
"245",15.649536031582,1.11208021019987,14.2547727893271
"246",18.3496177674821,1.33052351689546,13.4387365354452
"247",18.5977771348169,1.67459808257474,11.3471683549627
"248",2.61868696285583,0.624197146421197,4.001
"249",14.1891716946472,0.774184526147448,17.3486983799236
"250",17.1241177785406,1.39778947956427,12.5561201443281
"251",2.68882769552188,0.734259392155156,4.001
"252",3.23694575380057,0.674196039564451,4.001
"253",12.539250455023,0.879547753537946,13.1726698899281
"254",5.94067353650364,0.587302794507703,9.34766594831199
"255",28.1979539578978,2.14389940151361,13.3243534565073
"256",19.060882435893,1.28640959678152,14.0604092303226
"257",14.0405198805324,0.893215935193637,15.801000774012
"258",1.65226809867938,0.445435827663208,4.001
"259",17.8250221652671,1.58105800355212,11.6790644574141
"260",7.79735360736065,0.841258221491432,9.29182262603322
"261",10.4392722364789,0.954148398227,10.3038342088914
"262",20.1129288528401,1.52333444758149,12.5211611895198
"263",24.4779093485207,2.92043491822838,8.25778381419574
"264",2.41677649902942,0.42894504501137,5.49618784414458
"265",17.6408197975747,1.37241843789025,13.2868659513809
"266",2.00651802610533,0.394471120760494,4.001
"267",16.8581641403473,1.26928600156408,13.2805878999956
"268",17.0517360595183,1.24638841409178,13.6573896532505
"269",42.1036554978834,3.73829186375047,12.4754614422722
"270",42.5928340036389,1.740520373678,24.822675390267
"271",15.8346339801461,1.11330466113454,14.0502356257166
"272",19.9212916106444,1.57900466152611,12.551245783041
"273",17.8436773508627,1.13877432859043,14.8766107446115
"274",17.2529663048342,1.43713657845943,12.6820705662026
"275",19.0009562489523,1.73054657098821,11.5154959060646
"276",14.13983785486,0.846818694233924,16.5040902887135
"277",41.9483119716137,2.37581579854168,18.6607885937451
"278",18.0618863799137,1.66885782181239,11.2506267855548
"279",21.0220047493305,2.34639727110025,8.99558067084971
"280",3.48542506108624,0.480886373364741,7.02089578892731
"281",19.4580490634209,1.2067537094216,16.4630606737089
"283",33.872717283028,1.8466553916084,19.0686589849084
"284",1.70248416703755,0.351714848952984,4.9797068995729
"285",8.99082895801479,0.927624139727668,9.54529459150975
"286",8.04407315740633,1.2396591033408,6.37987005188544
"287",18.182791083339,1.29930454541445,13.5934353485262
"288",15.480892039756,1.06713135552152,14.5305994825376
"289",3.63695023744514,0.44244517881214,8.13681176622394
"290",46.5785428853809,1.95466742350398,24.1641820039094
"291",37.4470725047074,2.87864908398939,14.2317430557765
"292",2.03402703920638,0.441966512815195,4.001
"293",16.0349481712275,1.06297336498048,14.7207794117456
"294",16.7850429315494,1.30411509435662,13.2862864048038
"295",19.1201535603778,1.55499538178906,12.2149845487467
"296",18.52687885687,1.28724933257995,13.8269140525632
"297",8.93550181932805,0.897961458740642,9.48042164200526
"298",12.3561991431569,1.28307414601945,9.26569368663939
"299",34.0017925410272,1.8608563648196,18.011610169864
"300",42.7362005890507,2.51730486178194,16.7096177389727
"301",16.3351633804795,1.29847315521982,12.9075650727694
"302",14.8780825963382,0.952663114497088,15.504469478677
"303",17.511113561345,1.34033491274248,13.0271621296511
"304",5.30861431072654,0.61905817660948,8.58950491692449
"305",19.5397027196194,1.85379933700008,10.8217504001609
"306",20.9477544954401,1.71841602845146,12.3255345447276
"307",29.3389260994969,3.40383760995091,9.4143941004999
"308",16.8132247210371,1.11458841496902,14.6009728318321
"309",18.6597358976145,1.73860777646084,11.0287742932901
"310",40.5083647055698,2.38927416683316,17.6504936023431
"311",16.3043057871909,1.35331239202056,12.3138590906872
"312",15.8694315196523,0.958448731463178,15.8475951475337
"313",17.2897877100169,1.36669958798105,12.6942240972453
"314",1.60038165133103,0.457006015551509,4.001
"315",15.4170448034463,1.18489056567601,14.0392404849376
"316",32.3390752058211,1.85230432926092,17.7058432121166
"317",27.9264173496699,1.71174168373965,17.1997911971747
"318",27.2635435196782,2.77601507650143,9.57867544416572
"319",29.5969686804683,1.54248204734391,19.1553142080691
"320",17.6860935194489,1.59612708392131,11.4982272612256
"321",1.73151034727385,0.331995851577953,4.001
"322",36.2610654486457,2.16732512979095,16.9304895498052
"323",18.9540626609718,2.07559348722368,10.2743373053413
"324",32.3153613371155,1.96775469544803,15.9851032880025
"325",2.95603416632737,0.424800818573712,6.80141240896149
"326",18.8790766521287,1.5270806543674,12.3129577231252
"327",18.9072830880447,1.81267528594023,10.8471105721396
"328",32.315913408799,2.37960844141207,14.1158902133641
"329",16.328559242136,1.22186802448993,13.5008896568205
"330",37.0150767381124,2.37437087367258,15.9809555686552
"331",14.7394481743701,0.99034410088581,15.0112682378732
"332",2.5145094020225,0.561957820249988,4.001
"333",18.1926684998445,1.37584596520704,13.0700985200929
"334",32.6218881979364,2.65461403898462,13.0311920835565
"335",11.8222744167962,1.14994646530915,10.1926190481505
"336",31.2137070935619,2.7219741879567,12.4654116988935
"337",16.7319555634135,1.19304746589658,14.2280898076267
"338",22.3961613478189,2.00435569796675,10.8924274243431
"339",17.4831691954316,1.20057236929413,14.1184845437121
"340",19.9826143739198,2.38201194323016,9.46305268549568
"341",7.14279539160176,0.854980563764408,7.60729111063835
"342",14.7438143671634,1.00830357049521,14.8981520876127
"343",16.4471621631434,1.29269364022528,13.2008881152432
"344",45.8473418592936,2.87779434607054,16.3433158846775
"345",3.06518569816687,0.765703656378801,4.00100000000001
"346",15.6704293708449,1.28406788568671,12.6134491170022
"347",43.5227059098473,2.6544257627646,16.5894730196685
"348",3.67630233749282,0.545616381015914,6.28532177618886
"349",23.0126190862867,2.40460555578384,9.40083349764643
"350",1.90863617756889,0.379229964653683,4.97491979060304
"351",44.5046248392562,2.65145325815652,17.1264066261191
"352",17.1529218046008,1.023874015802,15.4623843582511
"353",18.5683621936433,1.92518372535812,10.7471333413588
"354",17.8069498239517,1.26437239905249,13.7751981983365
"355",1.9839606935801,0.402800278673073,4.001
"356",19.0525816668012,1.47799254577753,12.5414815348509
"357",8.7367772493092,0.807954793346001,10.0772315621473
"358",29.3249749571277,1.19762242873169,23.7402221340886
"359",16.1301760407806,1.13803751140284,14.1216723476096
"360",18.2306905306666,1.62803532320919,11.6075463976701
"361",26.7990942539463,1.51972464142534,17.5050342508844
"363",17.431070895334,1.4476037462545,12.4182844254313
"364",17.2718281373625,1.48842546456757,12.2815602866268
"365",16.2473138360235,1.29370354450825,13.3372875843521
"366",20.7523628980512,2.59036170246946,9.46517397367936
"367",19.471349646509,1.14566993172832,17.2132543112416
"368",5.18298688423538,0.652130515570427,6.85688788964028
"369",18.3992199472165,1.27627133512353,13.8430620843545
"370",17.6448560892706,1.47821162325461,12.2300534778412
"371",11.4964778203237,0.875635646246556,13.4651944435944
"372",18.9554658231799,1.37296426662841,13.2743242020162
"373",2238.71699782315,902.842245171974,4.02303259656477
"375",33.1243325419193,2.0077632294247,16.2540276788618
"376",17.6745347229648,1.17863255739084,14.381611967999
"377",45.7601728253821,2.76637494564752,16.9132587342585
"378",15.565081213696,1.01480966806197,15.1467081294076
"379",1.99472909524932,0.301874499026087,5.52612368354248
"380",8.79912547599296,0.757796085117779,11.5397411020667
"381",8.65445236478521,0.907124681071656,9.29393141495295
"382",15.8096703862275,1.13609152732322,14.0410463527249
"383",4.05930884430096,1.40039032339394,4.001
"384",17.6197278869216,1.27590770166281,13.6608177482712
"385",35.2084664683849,1.955383423188,18.4336808549593
"386",19.4496733297095,1.36713140757252,13.4098416326379
"387",22.3284400138956,3.3072122268344,7.28877207811306
"388",17.2819121869666,1.23635596735256,14.1855132500652
"389",15.2862059821291,1.01030128829653,15.0336073030279
"390",16.2931099475604,1.25375125383356,13.3521462707385
"391",17.8945887511666,1.26711234392664,13.7692774676054
"392",17.8924878830031,1.46499209314393,12.8271902010335
"393",20.3893509693676,2.44861576311218,9.0755451326994
"394",16.8061495915097,1.09292720943619,15.0036801330143
"395",18.0716106190457,1.16195015015311,14.7999221414034
"396",18.5493749925327,1.76254848640428,11.0131611253686
"397",19.8336636673733,1.35710810850034,13.5757247792476
"398",28.1006284049848,2.1974113204994,13.0488983127323
"399",1.86230134323043,0.373136287197667,4.001
"401",15.4725571093091,1.4640064596065,9.9926648113688
"402",18.0979057984813,1.47907095514361,12.1802407366816
"403",19.5908954661449,1.62959602112782,11.812295182426
"404",16.8062841388906,1.40697883726193,12.5512161401781
"405",23.8008795113875,1.59888415226759,15.4805346590348
"406",40.0623671110018,2.8526719305349,15.2800766916983
"407",14.5934022432057,0.930403859536509,15.6015825730692
"408",36.2240518042574,3.12140293201917,12.5538355701485
"409",34.6379266777369,1.90538269509915,17.7396941984196
"410",26.3626464162094,1.67665660656471,15.7678386365687
"411",24.0722074710771,1.27373027704823,18.8731328449204
"412",14.9223776004488,1.27346417170908,12.1993152089032
"413",17.1057449990367,1.0759319407208,15.1616251161243
"414",15.6516728701331,1.15889134370757,14.0831969485505
"415",14.7710270803299,1.44280433856889,10.0043601852746
"416",3.29708361824159,0.44696945582452,7.02330015113156
"417",20.7607831594148,2.48741641175668,8.87566325151664
"418",20.6703005919373,1.80339063896618,11.3238580350889
"419",18.8599451996802,1.92769115490754,10.5936392388798
"420",15.5353326255646,1.10061914841234,14.266283674644
"421",21.1522333699986,1.82706017363649,11.2706344338854
"422",12.9286502088363,0.977350110185281,13.3192218986274
"423",17.1156989374759,1.51272910179021,12.2748990745494
"424",18.8619970504388,1.39806586077577,13.0557726830303
"425",37.9995756961166,2.17937414439382,17.7099075743513
"426",19.8733138693553,2.12769354459101,9.83999979121825
"427",5.81165959286708,1.02685690177992,5.93934383280782
"428",18.674909112391,1.38099636743999,13.1689420110738
"429",5.84978694406106,0.588078784724073,9.87099502840673
"430",14.6820105085984,0.999371341453185,14.5312710548435
"431",19.0731408103454,1.75686074933248,10.9763968764984
"432",26.6777422015108,1.82376308208561,15.1031716928455
"433",36.9836119619806,2.08495860920413,17.7277557119482
"434",17.6537363109556,1.26192775346765,13.8282301032273
"435",15.8886077020668,1.20628145506083,13.7767286530606
"436",18.5692553167286,1.77248139652747,10.9797148563157
"437",22.3092837933897,2.63032552219298,8.67087289018452
"438",21.2901036494414,2.18418730107253,9.99231021760932
"439",23.1931721619627,1.94098107373703,12.4988207958339
"440",19.0010235514984,1.97693714536832,10.4251541740962
"441",18.6812957242353,1.78179535209678,11.0541638938891
"442",8.78458223752488,0.785344861800025,11.0162457535412
"444",14.8370773434925,1.29946012639411,11.5618953433501
"445",34.8775865170228,2.94936176980902,12.6846630540341
"446",14.7210130165982,1.05571997565852,14.10162984233
"447",1.57027599926663,0.324058561220807,4.001
"448",12.0637811846996,1.18085159204876,9.73882874518876
"449",13.7327693970264,1.03135852015249,12.6616266550584
"450",16.5483585593268,1.10971130030893,14.6274456831475
"451",19.6004383453148,1.36532887268371,13.4455156440874
"452",15.7406694446232,1.03937000908368,14.8944121367601
"453",15.7416760542242,1.21231991710994,13.8141200503244
"454",17.9938262932889,1.57728117773931,11.6868330224772
"455",36.3843513895466,2.24476232461448,15.9470044022099
"456",19.144768346991,1.31960668599789,13.6498289362262
"457",3.82237556416995,0.499043753236563,7.32027476485903
"458",15.4349397053213,1.02008592416398,14.96651931664
"459",19.9705113053059,1.79050808875716,10.9176720743721
"460",16.3576487435007,1.05619166704786,14.9438046559003
"461",15.8643221373028,1.15853414661461,13.8999393132389
"462",32.8922502848274,2.71162314937037,12.9142864814039
"463",1.77721085730656,0.318605525890743,5.03729948850223
"464",15.448654469537,0.907096024454079,16.2488085059074
"465",6.5665914125668,0.832143772489557,7.66820628649962
"466",21.2740375752712,1.82612448129332,11.330389671329
"467",14.2822981782706,0.937904878670271,15.4659728751216
"468",16.62551411005,1.14637950273052,14.4576814489185
"469",16.5839672638285,1.29407721964714,13.6229647872804
"470",1.69547152224918,0.426121360475141,4.001
"471",19.0601608722828,1.58781128091708,11.9669466305951
"472",1.93665666699393,0.458754598737925,4.001
"473",13.6762774362779,1.12994652017265,11.7517653726627
"474",5.52090173065161,0.611896517222786,8.41620600975007
"475",18.8326912100796,1.93375285037127,10.5997915214155
"476",19.2831123403787,1.92123251116809,10.3752135850162
"477",18.6767606695782,1.33784503933581,13.449475609431
"478",2.25057099704713,0.486768520629396,4.001
"479",18.3480646821481,1.31113940360231,13.6444990522409
"480",15.4425822738001,1.07888772588171,14.4156853603929
"481",21.7086624526754,2.11676071328316,10.5902106017437
"482",43.0705287528972,1.81934968342254,22.9770259546787
"483",2.29140528401987,0.594455273221321,4.001
"484",16.6449276517317,1.07624323763026,14.9186083870182
"485",18.4914264080834,1.23171890498534,14.2465552333995
"486",19.6825462784094,1.77364697944451,10.6276775717374
"487",16.8575340607026,1.3848446442756,12.8432839630437
"488",17.8218912236077,1.53343961648895,12.0412094274069
"489",17.6635475267842,1.20401015768062,14.1666549976556
"490",17.8571733226007,1.349775965916,13.1094695320204
"491",3.35837596273684,0.77199251082655,4.001
"492",15.0218823433286,0.935194084163786,15.8254130855866
"493",16.0648267551636,1.18238187025777,13.7311912531831
"494",18.3701302066974,5.94027502009317,4.001
"495",16.8432542640668,1.27592301523846,13.2124633705006
"496",19.4963799728709,1.24378344092214,15.028413965107
"497",9.09300936331021,0.968134750887604,8.79713470292174
"498",17.016458949527,1.48479581473009,12.1036884757603
"499",24.1519379659537,5.63658869279222,5.30180703736237
"500",19.4750628491691,2.10628786231247,9.71152659252112
"501",19.3973109684571,1.1427780952185,17.1819254743301
"502",15.4509621539118,1.04078500692121,14.8191574612012
"503",21.734889788609,2.26529798983018,9.67343087787626
"504",15.1620089436743,1.05279529905073,15.0436063992835
"505",21.4345209453908,1.26522018195418,16.3373556129492
"506",18.0024281943774,1.27631269448127,13.6718976503022
"507",18.670214342822,1.84968677300197,11.0649811673
"508",42.3068329264793,2.50338102419334,17.9393022935374
"509",2.19407665430242,0.476560877374011,4.001
"510",15.3158244126098,0.966034628491445,15.5752469150812
"511",6.51739281582614,0.587078198289648,10.5286533116638
"512",7.14906031734301,1.10103280608222,6.43374043654684
"513",15.2803699115038,0.832879554532969,16.8482791456352
"514",15.9952255637466,1.02427703905432,15.2480593220862
"515",19.4869047017217,1.54726566756071,12.2397956932338
"516",34.7087457390564,1.91122117748054,18.6019338594469
"517",17.6005322939809,1.18840355202074,14.2845787583976
"518",53.1866907864654,3.3955373641892,17.0664431742139
"519",34.1526536776067,1.86772978740564,18.8413916092393
"520",19.1375954326309,1.69169182727503,11.3381694314454
"521",16.8002389609444,1.06555638560647,15.0999176993362
"522",18.064625997277,1.59558820081224,12.1280652181758
"523",15.0390273383072,2.14779133485239,6.65398685831595
"524",14.7194353922075,0.92975689940101,15.7124503165059
"525",20.3671872277539,1.62769245896936,12.0363512723203
"526",19.696757859272,1.39177532418227,14.0821076117111
"527",16.232487263168,1.24661611355524,13.50325008098
"528",17.6122883973454,1.27241279450408,13.5067228044098
"529",19.221568913989,1.84043616254615,10.5899896622432
"530",14.6626829335397,0.975194664862666,15.1645522208236
"531",17.2983434231452,1.28996841796528,13.4160138667356
"533",17.1397229302154,1.32133031966308,13.0083783283663
"534",22.1476984591383,1.98297611155764,10.7686674471171
"535",17.6433491620479,1.41690196684057,12.8539227859585
"536",17.4116154346124,1.04804971546721,15.3484579625904
"537",9.75085874757792,0.98034809600044,9.34159994103275
"538",21.4142298332142,2.68467531123702,8.51024671601321
"539",19.3424699110214,1.65588083139765,11.8313393648767
"540",18.1561415932947,1.65396548407622,11.4986989920158
"541",2.14780923796284,0.46640589034296,4.001
"542",18.397635342518,1.21744529085091,14.2385725597778
"543",15.7560722641708,1.1300223019789,14.0988159564341
"544",18.1274458795329,1.63346850404726,11.5705963810843
"545",17.2070508498568,1.31619962359782,13.0624776213196
"546",18.1721293561495,1.48719781935447,12.6671603375303
"547",16.7900495590631,1.14579966766756,14.4412008110464
"548",41.9097140903338,2.47601232740886,17.2007771410342
"549",17.7979502441986,1.5862391051621,11.4440408358204
"550",19.4704682876324,1.67999890689217,11.5534498296904
"551",19.5887870893553,1.60828802204524,12.0946802457062
"552",16.811009519699,1.30634592505988,13.0071717913429
"553",17.3231857919647,1.43164256354541,12.464960839773
"555",16.1345234595195,1.19245834764559,13.7063411554345
"556",17.1831074327391,1.15991977192004,14.3781583039838
"557",18.2840175516585,1.33096295829952,13.3628919752741
"558",1.88452124820889,0.430047666074919,4.001
"559",17.7949133397226,1.10497971035804,14.925189451875
"560",17.4026653633015,1.24232145900296,13.7662422347746
"561",26.889114560158,1.87382033035071,14.5053913198905
"562",49.3226838547603,3.02800208458078,17.0028930793496
"563",16.9242349192992,1.11221751349489,14.5641477905029
"564",18.1512835519434,1.60356592864297,12.1483614789319
"565",16.8177885569031,1.32299934495362,13.0502911913965
"566",23.8036576778574,1.67191967336018,13.3362755040513
"567",25.4197705882319,1.55073875419343,16.4067022787734
"568",52.9033287273983,4.28283091860515,13.0912591574858
"569",19.6861388039903,1.57024355884884,12.29767698212
"570",21.7356495663889,3.18835129861019,7.66247115087387
"571",15.4718851899934,1.12296808750623,14.2203014599318
"572",19.2480381386607,1.64728724678548,11.6155710703171
"573",14.6054262928175,1.02669245382052,13.962577481742
"574",19.0109242390365,1.44959184253626,12.7771828530625
"575",26.2655864870796,1.51612029144745,16.9205400996845
"576",19.0253612417279,1.61777685931724,11.7823578741242
"577",16.044580870343,1.30756594495408,13.4537157245728
"578",14.3780136824608,0.974194606753065,15.2090882325137
"579",18.7409176075702,1.54164433381238,12.2333172685508
"580",17.6493493410904,1.08524707832778,15.0609006227
"581",4.05604428571464,0.60434936438299,6.91130751716224
"582",18.7346507619699,1.74921821808448,11.0181256154289
"583",33.081732666211,2.08718418864498,16.6745203197953
"584",20.2882440217125,1.76321924971987,11.5464197562273
"585",21.2638752843618,1.75255594323086,11.5001115940395
"586",1.60013486181308,0.354906362700799,4.001
"587",5.09212354188639,0.931571031861822,5.214017201369
"588",35.3731447951597,2.9616741581022,12.1593457295831
"589",17.7165443487391,1.45864772932396,12.2922821371041
"590",18.4181863996082,1.56383566329812,11.9124154644052
"591",16.788365500415,1.17024875710428,14.7490287535131
"592",17.8225542436539,1.47491079361583,12.4881771575981
"593",16.7824756662191,1.40139029909603,12.5863961086576
"594",18.6405295147448,1.79556445936717,10.94054579007
"595",16.5179594469067,1.34026644845097,13.0660626797758
"596",30.9912639239141,2.42401684633416,13.0367280457195
"597",18.1512980285574,1.41671423964772,12.7995274491813
"598",20.2032506272694,2.1546943309691,9.8316841852743
"599",20.4047678943276,2.33170251424329,9.18060895490387
"600",2.8875599343297,0.62354469305575,4.001
"601",15.9685705147756,1.1173858028721,14.2852500713215
"602",47.1790435640203,4.77437664367569,11.1666455944822
"603",32.3537225702915,2.61367260593073,12.4882267235564
"604",2.51189500028954,0.49751950521027,4.001
"605",18.2273152804578,1.46439981401419,13.0339646239486
"606",16.1986032673063,1.23162346839345,13.5359296745414
"607",14.9866310730417,1.12532525226219,13.4807372628661
"608",28.2786850200282,6.28733605234069,5.77549910377796
"609",20.5376058614723,1.59504355438296,12.2840390574681
"610",15.479358863465,1.16630875577626,14.1379615641946
"611",4.99617915783944,0.503451415334354,9.92965111061146
"612",16.5877008296644,1.22582090395461,13.5376643103969
"613",3.6840172292941,0.836310251185937,4.001
"614",15.9913343538924,1.16862820857117,14.1638597983999
"615",16.663830878745,1.39590522471028,12.9850588665837
"616",2.27027682932736,0.549480257857938,4.001
"617",15.7509987681593,1.13699701494955,14.0822927974834
"618",2.26520852499255,0.719495709341944,4.001
"619",15.9316220807773,1.16473293153752,13.9388193664979
"620",19.1741000973637,1.33616623433453,13.5911790685479
"621",15.57915176735,1.02157016333301,15.0614297693821
"622",3.74374105435426,0.575107757526419,6.72398682600686
"623",22.9373901590622,1.1894347465493,18.0590010496122
"624",40.5479192923283,3.13891451429172,13.3825503672811
"625",16.7228377258733,1.14470578677761,14.3822942476125
"626",19.9462561060247,1.27507751899108,14.700112163487
"627",19.8119798939902,2.14872062870929,9.91542907463378
"628",23.678220357119,1.49973837858569,14.7837673321253
"629",14.1919159389851,1.25746419479088,11.7286555853641
"630",15.8218634356513,1.16387124398652,13.9172927472031
"631",17.7314496917733,1.1973563156,14.2422448250872
"632",18.8341361508641,1.8145555653749,10.8701340118365
"633",3.33694463138065,0.528717135270909,6.27427660152928
"634",17.1487600886689,1.25620421880832,13.620309196669
"635",3.74079806195394,0.401258059175106,9.59718735706068
"636",16.2450830189177,1.17941147577644,14.3147157107751
"637",13.7898475629331,1.00501424484035,13.8942700045587
"638",16.913643378493,1.14325890991974,14.4524090881157
"639",18.4706498095762,1.38918087846583,13.0998361130567
"640",26.7955924389512,8.3163382500487,4.001
"641",19.0065202359586,1.43735835039433,12.9532101734387
"642",16.0976171223502,0.959270025514953,15.8449508798864
"643",17.0833732669418,1.27879163412321,13.8101103504383
"644",20.8953619084498,2.49468876564813,8.79022137958077
"646",20.6843241826335,1.64366913544157,12.4233832583921
"647",18.4282745132764,1.64752499221732,11.3680117262403
"648",19.489499729969,2.05560189374775,10.0935136835281
"649",18.6134095532241,1.51056640133519,12.3277109550447
"650",1.31786058454436,0.270808228147113,4.001
"651",20.3018846730892,2.05775459883755,10.2735427099289
"652",18.2406739600085,1.60007664017604,11.987173916579
"653",24.1542568717026,1.37597655706177,17.5194933719924
"654",18.813197460949,1.84167779283329,10.7573964777463
"655",18.4846450847101,1.38534926204146,13.085341870586
"656",18.4086678648112,1.2518072171177,14.0007067208138
"657",15.7339419716753,1.10429012324635,14.2944641288599
"658",15.979772032665,1.14947430960912,13.9189848707686
"659",1.36453941592686,0.391630364361386,4.001
"660",2.88612531706746,0.716214842131826,4.001
"661",16.0586935117067,1.156726244232,13.9227676887492
"662",1.55622872311562,0.377253262128108,4.001
"663",13.6066475181723,3.55309310891625,4.20646532095519
"664",16.4101360140607,1.23663344346397,13.6254345492717
"665",18.5273401146654,1.23436488874371,14.1334645663045
"666",19.2437858286696,1.36248634797762,13.3669680197324
"668",20.36015749722,7.1378645085573,4.001
"669",19.2144502045732,1.682934167148,11.5312998653942
"670",36.345000694072,2.25941913481589,15.4113697481815
"671",15.6896313936622,1.18467439438858,13.7364614500018
"672",17.2468426951047,1.31467465039634,13.1368079838555
"673",16.6410067209557,1.3168389967084,13.0874589191286
"674",16.2080749618335,1.19643334356186,14.167545843895
"675",14.9405382431519,0.968114215976212,14.7256513632925
"676",34.5273189790713,1.89707102433514,18.4772415182707
"677",15.1949682886535,1.08601201312079,14.4273546272197
"678",6.2612736422625,0.91932129935709,7.20726597678325
"679",16.5608659678077,1.40094849510873,12.5247705425143
"680",15.7420213337809,1.14633499861327,13.9165845492151
"681",19.2386646792618,1.64585493173436,11.6367293504149
"682",29.0562203305272,1.85161639350773,16.2302313665927
"683",16.1148501763658,2.76283163268013,6.09321610387256
"684",16.2329572157863,1.23307030756826,13.4485629786482
"685",15.9029748645098,1.15310222663485,13.9449248737184
"686",16.7536773429768,1.17670138386808,14.060509411406
"687",43.3926389782267,2.98587516312415,15.2352734701881
"688",15.4750731302246,1.08156347208746,14.4555091124726
"689",27.4625338889837,1.6731936446485,16.9532929336462
"690",23.4677651522764,2.46830864323557,10.4725761066786
"691",18.5888480343317,1.86434935089468,10.9025191151854
"692",6.16195045674825,0.715294644524941,8.43898157951413
"693",14.1712733183065,1.48881189894194,9.27433802820998
"694",17.6277230737545,1.23549982967796,13.9413993361836
"695",18.7916479375006,1.39590592684882,13.0785009953029
"696",16.5813380733007,1.48139418750719,10.7914785983459
"697",18.6539151243008,1.45103500025168,12.8083862777278
"698",7.00144136873464,1.0569789038642,6.54841714150149
"699",16.8909613405929,1.32863069144179,12.9256875019512
"700",57.9837319454996,3.81728932898567,16.918022087407
"701",5.45494830991033,1.28601998919142,4.001
"702",18.3763955703772,1.42854758874434,13.6175160106781
"703",1.30421142831122,0.303421115220705,4.001
"704",16.0774949714028,1.04838702409088,15.0153650912224
"705",27.0865136437151,2.20517193502694,12.243053877326
"706",21.6077633174736,1.76886780874351,11.6892911017527
"707",20.5634965162756,1.32347935911362,15.5452898557963
"708",16.5771152958997,1.3316994824429,12.78732139976
"709",18.1199410108099,1.2301655493896,14.1904472691078
"710",20.1331282021333,1.50894242025252,12.6418135019535
"712",16.4705171383595,1.09564106084064,14.8961792904374
"713",33.1334499939044,2.73953371632823,12.7574262949889
"714",21.6571093863295,1.60836487971429,13.577618987237
"715",19.3011378242529,1.52731185870054,12.3000488618979
"716",18.2335695061248,1.54152236212391,11.8023623744015
"717",24.619195495553,3.69440170690493,7.01924729539667
"718",26.2333263899685,2.11147858204701,13.2452345648597
"719",25.816823731911,1.5824268576692,16.8289247651682
"720",18.861795593796,1.58133765490724,12.2968488188936
"721",20.5683895714002,2.45670377806663,9.07389428935831
"722",16.4980819174179,1.0528712617821,15.0201807546551
"723",16.1983945185077,1.18520480621949,14.4826483728601
"724",17.4301366915278,1.45040342429426,12.5575769145169
"725",17.590001571927,1.33688209232089,13.5999298181884
"726",15.6729148896944,1.20689109687755,13.091729189148
"727",18.4164034322397,1.24385957604088,14.1266557743244
"728",18.9223592882737,1.83511269387567,10.7677490990206
"729",18.8021148293531,1.42066170952224,12.943733653639
"730",16.1259972004107,1.20385780388316,13.4678392528701
"731",2.51353448745009,0.579562393816978,4.001
"732",20.6866677783552,1.68721258513397,11.7716705474302
"733",18.1506241569472,1.20464905903647,14.2051619957505
"734",18.6780024575043,1.66750850930036,11.2487785895167
"735",17.054256685148,1.34900087051565,12.6182627244242
"736",31.7954337288459,1.91766114354942,17.6830135283919
"737",4.07069732090596,0.438240437958192,8.72413905374995
"738",4.55600108875085,0.547753621925994,7.68674610781083
"739",19.5170083724666,2.0469523737822,10.1495173448388
"740",25.920549604968,2.89175305308824,8.40010145094925
"741",14.858006532232,1.09309766505692,14.6554298023416
"742",14.9597116520149,0.930405435045136,15.8534456927733
"743",19.344820275961,2.0665384337404,10.1439518775124
"744",8.74056429890218,0.736106847564491,12.0374230275469
"745",17.0744684056085,1.38168455480768,12.5697471783218
"746",10.0976254011091,1.07164439938881,9.72171141231778
"747",13.7695854972243,0.898864108447344,15.7651483285393
"748",15.4302141917975,1.11502331184461,14.2443055239125
"749",19.9071354808705,1.66015703156615,11.8170071292126
"750",19.576803740227,1.88880326518506,10.6539709213889
"751",5.1594564182709,0.51214620814581,9.31569223423582
"752",40.7280399610844,2.37069023650985,18.1406922974755
"753",17.971320696649,1.61076410131908,11.5812204770545
"754",19.8693836446376,1.73696106178656,11.3531594782815
"755",3.75045356787765,0.590543929199805,5.92415745899043
"756",2.11734834352998,0.530405607406066,4.001
"757",17.9184714097662,1.15854344991564,14.6212852891422
"758",25.4295615915933,1.88645287869054,13.2206035314943
"759",32.2143721229984,2.64458998039611,12.6559523314361
"760",19.9956195435746,1.94121336495179,10.6564293622944
"761",19.8564881582994,1.90678987935582,10.4283713715693
"762",18.9444757776613,1.51965158016562,12.2802681782745
"763",19.7075944030543,1.94079061046175,10.3617133109533
"764",39.9785044112262,2.32055516755756,18.143501316266
"765",15.5356708642728,1.01043698215637,15.2330108743028
"766",17.934206481688,1.44731257555635,13.0863057328181
"767",49.2824277787673,3.05232362403858,17.1743853629407
"768",17.350597259433,1.22058489735926,13.8971870995336
"769",15.8758584970038,1.13912707303011,14.0492471991203
"770",17.2014863156089,1.44074704369784,12.4997838758846
"771",16.2140723458576,1.14288007390919,14.1584743284379
"772",18.7515571263619,1.38322161465276,13.1801569528151
"773",7.63020949784693,0.730217896500341,10.226488294608
"774",20.1730813193812,1.8985510646073,10.6716099582048
"775",1.89721560185117,0.378426496346918,4.96487849123611
"776",5.90525578475428,0.51893524405078,11.1338891663705
"777",17.9789080949205,1.57870903240022,11.6034451243349
"778",30.6082169621415,1.80514623520636,16.7293118626657
"779",17.5244141468933,1.55288975072109,12.0707508445979
"780",2.97953648126355,0.794760495699921,4.001
"781",17.8794375637218,1.20688567846455,14.2262785591912
"782",9.87503059482586,0.876238296905388,10.3422422632192
"783",17.8275000866454,1.33066223092606,13.2835733381425
"784",17.418108793383,1.23749308356789,13.8641975121182
"785",15.6008340960807,0.962625374475276,15.7277285664459
"786",14.9477055987105,1.18272341170124,13.9839183947718
"787",16.9812293288822,1.12490575174447,14.6229406369687
"788",19.1023655360434,1.40532897868891,13.2100525121909
"789",4.82982017029858,0.647892549617125,6.92851528939314
"790",17.163576881708,1.17227851510518,14.2890647381471
"791",14.8789709102044,0.871055532886449,16.4748514424679
"792",16.3225973551412,1.4525222614676,11.6560501782791
"793",41.2035973106304,2.40208596112344,17.9660691285275
"794",14.9640154822784,0.873424523969377,16.4822397454847
"795",4.6141052921875,0.491685099014542,8.75165934319837
"796",15.8251814246932,1.12223220366953,14.1221086933785
"797",15.18155521652,1.4467218682746,10.5324735741454
"798",19.981944263283,1.42108210690371,13.1300565369404
"799",16.4007671170076,1.12635117674715,14.3750416302285
"800",15.8548596583331,1.14010787134753,14.0387102295231
"801",17.3630758980905,1.43873363915235,12.3823218166862
"802",31.8887134288691,1.84535050114447,16.9105989164015
"803",26.7537478081672,1.74152060848956,15.2820878929525
"804",46.7481044104333,2.20950491191905,21.9548394851438
"805",29.607876116045,2.30486800705169,13.1926111557089
"806",17.4612062103117,1.43377225488977,12.3314526435773
"808",38.4755897254542,2.21225983516572,17.4360587634634
"809",17.5638250635104,1.5711141469094,11.8082568246286
"810",17.289062915834,1.24318454017199,13.6984635522899
"811",52.2037459194101,3.30766874090272,15.6913397860347
"812",2.89289771585868,0.740865219906433,4.00166312300131
"813",49.1993789186376,2.33906373196617,22.1983110245094
"814",20.6285041056774,1.62090531846839,12.4079973037975
"815",16.0692348473343,1.16467420792156,13.8912647673071
"816",15.6099951218091,0.899496060931385,16.3471186773822
"817",2.0433423617958,0.505489648182941,4.001
"818",2.85609519342282,0.493422244241321,5.67084608534482
"819",17.9999652790879,1.59113565954467,11.6428089692876
"820",19.6558279129846,6.36180698592977,4.28395190492056
"821",41.1412750914382,2.411236622428,17.9570317407862
"822",15.5577622982394,1.16432641265937,13.7186955140992
"823",17.8677550744549,1.69372029491539,11.6962668428743
"824",44.6120227398587,2.6793425817161,18.1039160877598
"825",16.519936026333,1.23883909185869,13.3860909012002
"826",46.8206352600323,2.86322527921149,16.5748328982092
"827",5.65527446632283,0.612269936074554,9.34955553060975
"828",15.7609728822212,1.1155634035358,14.1668147471539
"830",19.4438853130344,1.71835459646602,11.6696902713082
"831",16.4955099406672,1.14618366560867,14.2309968504093
"832",26.8772448008502,2.94531223165285,10.2026168561823
"833",46.0250934650547,2.80165321737751,17.6344124064296
"834",15.9711038579956,1.01754466316092,15.3182251425512
"835",14.7608946409873,0.85057395050858,16.692400626946
"836",4.86424361153161,0.643115586190631,6.91314116820162
"837",16.2591065059401,1.26954819808724,13.4757757207869
"838",17.93001787789,1.3965613586567,12.7372959171233
"839",16.8465387142912,1.22681798800711,13.7693154394996
"840",14.3102477833053,1.07269947770582,13.6211802245475
"841",17.7025906729647,1.25398346738226,13.7621211551652
"842",13.6211691269271,1.05054472445286,13.4785429078161
"843",20.333328190437,2.18882175035931,9.39410576542899
"844",14.8438985664448,1.0531887649031,14.3520310359519
"845",17.3455552682477,1.22426785679452,13.9087074284558
"846",15.8649552868957,1.11157809126306,14.2230824215661
"847",20.260010168967,1.75731993726185,11.3437456781525
"848",12.6231727388049,1.21775409936634,10.4770152686014
"849",43.0170427629627,2.55902591372241,17.6199267775813
"850",18.4490976967824,1.25076983109779,14.0501922255015
"851",7.69210193564967,0.927246304191809,9.07502375486218
"852",17.7931149002284,1.4905220829915,12.1194157153946
"853",2.99558859813191,0.512864151389331,5.75625284884162
"854",17.7042463198926,1.56908847542905,11.5701605253482
"855",15.6779765407901,1.03937892530178,14.9396775731542
"856",5.93161214071027,0.638774281816333,9.19375973896081
"857",5.30693317026134,0.946216291838616,5.44882051298065
"858",33.5771984913454,1.98940070968817,17.5968167776459
"859",24.762319893027,1.58424554109308,16.0082398508158
"860",14.9750021912836,1.27242139575956,11.6472370524675
"861",30.9685512149648,2.07614769823974,15.1844301360109
"862",4.10131921720814,0.575897669758189,6.41255933485718
"863",16.6176404465645,0.96156556386707,16.0539139706732
"864",34.5793159471225,2.05137876652498,16.7910012633342
"865",32.3978472223859,2.25258311718027,14.9141675295932
"866",47.7637912693228,2.26190436322354,21.6683565860593
"867",27.725018604168,1.64219073548424,17.0231458980338
"868",18.6299114318706,1.36130579620399,13.2674863921972
"869",20.0242073136783,1.94432536061041,10.5898695517539
"870",18.2207068328754,1.2996382779776,13.6301563456742
"871",43.6403788408318,2.99828837386824,15.5766665651616
"872",40.2695753768834,2.34277170751571,18.3662561599258
"873",18.6303165653764,1.59066547089268,12.6930036649899
"874",18.2642736474603,1.634586671136,11.469147825257
"875",22.7059729363499,2.421637792149,9.90635768344873
"876",5.59699206612996,0.702678719369904,7.73997438058662
"877",17.3690282898646,1.37354828477771,12.6580963615952
"878",16.143216104762,0.976639033197125,15.7855779214514
"879",17.3378799582236,1.12850521005455,14.6977714818261
"880",17.0602098759739,1.5315865811175,12.3604140016421
"881",27.8146841567388,1.73513565349694,16.312257535385
"882",15.3918058241934,1.14994227038785,14.217464384078
"883",18.2245102938013,1.63211425682997,11.4347004453768
"884",5.4150364352124,0.686038257397785,6.89784230821437
"885",17.3827546251465,1.21100680688501,14.0100226115606
"886",18.6764066604993,1.77144377523922,11.1856575763121
"887",14.7858907858321,0.98985801857709,15.0614696322575
"888",11.1232523450774,1.03510080041904,10.4631580694586
"889",51.6321615553508,3.25452612735232,16.5164151842176
"890",17.9232798561566,1.20125800956528,14.2786447310431
"891",18.7122698406444,1.42402347458075,12.9168164593042
"892",17.2670942000426,1.47528618208784,12.3561433400747
"893",8.46806771673102,0.87558582876931,9.34558857059481
"894",44.0580688219251,3.18250360151487,14.5229684381712
"895",19.9289533074831,1.82701479792895,10.8622316212886
"896",19.1881481700966,1.97715436796874,10.2749012190119
"897",15.767456731721,1.13216189714409,14.0757130880008
"898",18.648705331333,1.72140292870243,11.0677679864213
"899",16.3229589577352,1.22497279168885,13.8106087808891
"900",10.8437719946809,1.17570330289864,8.89433445281886
"901",16.6652804274082,1.23423872806335,13.6422596614705
"902",19.148687476972,1.43255775830774,12.8095888501729
"903",18.81059340851,1.27450760255965,13.9479962498793
"904",17.8074782709567,1.60857148301104,11.7397472263737
"905",16.1288018526806,1.20098517248975,13.7284740725144
"906",18.2209997314313,1.56301549918421,12.2033540451828
"907",1.84209498861753,0.440407388973127,4.001
"908",19.9794010055556,2.37971058489992,9.00421735775388
"909",16.3519367429537,1.19997520501766,14.2247028681886
"910",17.080881735001,1.41183163932317,12.8157184080546
"911",15.0160624878907,0.970022847915785,15.3882343308264
"912",24.2366985818771,5.3060362640526,5.06398521669365
"913",17.0908283653642,1.12471521780146,14.6538691086756
"914",16.7928055615844,1.31264605545169,13.0074607321646
"915",17.2747319256651,1.17345001252797,14.302121291888
"916",16.8243593397931,1.20838662765776,13.9276400864268
"917",42.5037903860654,2.5163497084037,16.5934090739412
"918",3.79678035095546,1.07189501536137,4.001
"919",22.0673593161545,1.95910521618396,10.9300154387808
"920",32.5520949599236,2.66202458931312,12.8572202119944
"921",13.3088756760379,0.808198916000428,16.5607173495607
"922",17.4557922581294,1.4137950402561,12.4287572959535
"923",16.0344431021487,1.05014651744171,14.9955868035744
"924",31.4044777605079,1.85311902967603,16.7283053132231
"925",16.6249363757354,1.35545824497344,12.9741056506305
"926",18.6282880463759,1.76316832280484,11.1059327595079
"927",43.0451808879334,2.56263677600163,17.7270096427873
"928",16.6416389282203,1.18330343335699,14.0681618114455
"929",16.2768459871133,1.13678540067367,14.4734081631424
"930",19.45191385085,1.58131154041664,12.2161283042864
"931",17.595921306547,1.23486553548908,13.9022730204761
"932",16.7165046702962,1.30056700678203,13.0414422082188
"933",20.7419838814417,1.73571922109869,11.7658354548318
"934",10.2749912389643,0.863916935161013,11.7687416414149
"936",16.4251903872589,1.17926311258311,13.9166215538788
"937",17.5927034376096,1.16270629769598,14.4922595453279
"938",7.7744345646979,0.971783677981744,7.28854522685995
"939",17.4940038017355,1.42173895985278,12.4692455741905
"940",16.838939776761,1.18357693873273,14.0495610795123
"941",3.55763314885135,0.535184059197523,5.98570615638029
"942",2.40028943916519,0.619632971442028,4.001
"943",15.6339312529468,1.10848022455241,14.3010857052231
"944",18.8639620214964,1.62652438503009,11.7547745230024
"945",20.841248236497,1.81928906540359,11.1874907684758
"946",15.937543238792,1.18947109599452,13.8052943046372
"947",12.7138832369406,1.00706475993306,13.1723664097831
"948",31.318420406945,2.45634567746563,13.613419238497
"949",15.177791940305,1.10879207392091,14.1073711369976
"950",16.1736973667949,1.17618412830251,14.0872176306802
"951",23.0693869603129,2.61183463093288,9.18100261983645
"952",25.6411752593954,6.73948623884927,4.69886987532443
"953",18.1855146649629,1.28339213466242,13.6703142474559
"954",24.453799379542,3.45238556298882,7.19069331118163
"955",21.7786974059468,2.59208546835252,8.62527750074438
"956",20.2295930806168,1.6284485204775,11.9047026967663
"957",22.677782163672,3.01322634966656,8.15381138702728
"958",21.3778503856927,1.73910855618363,11.6900431342202
"959",8.1547107170424,0.862152630596716,9.23226069713495
"960",23.1491641109408,2.31237660446837,9.72229179587344
"961",17.7646667434859,1.23106079415659,13.9994560655732
"962",18.0843936713559,1.56931967972433,11.7110323047185
"963",17.5804524500289,1.42801556097474,12.7917044778673
"964",2.25246931548635,0.434251477121988,4.001
"965",18.5076843002927,1.40679509247136,12.9184952442096
"966",31.8108878533827,2.5975639569875,12.569362578517
"967",28.0829149254411,1.78611667993289,16.2855343282533
"968",18.0561900785042,1.47507856078502,12.2161460780036
"969",17.3417272122894,1.21943921865218,13.9661996094009
"970",17.7027281525529,1.48158069089899,12.0974397325652
"971",15.5764734709992,1.23658057151809,13.879204224686
"972",15.1713640914148,1.0551310354239,14.5597083967649
"973",8.90376332735027,0.910183263205215,10.6748191764416
"974",16.0092567051954,1.2025385531415,13.6362086798299
"975",23.9493744848757,2.23614821615568,10.0865634809625
"976",18.1875387253588,1.60967297923053,11.5344239568786
"977",21.2520613701502,1.64419758794111,12.4772102344872
"978",18.3641734190171,1.54176830411636,11.9816287796309
"979",24.5584842040732,2.09972276792521,11.1793574448084
"980",18.9026002313654,1.59991815944702,11.7373292385153
"981",16.5253305462576,1.18052600561524,14.1774047567123
"982",23.233674968757,1.14899031367042,20.408188433067
"983",18.5567594063794,1.54838601939296,11.8952315750399
"984",16.0428646286998,1.11203624233653,14.3909619853129
"985",7.0042020220548,0.584511725846599,12.0897865038516
"986",13.6943055005748,0.898063627535292,15.6272124289097
"987",16.9901055870728,1.32675580461058,12.8604219813826
"988",14.9603435583778,1.03828363127701,14.7881264402576
"989",1.48481555301866,0.367549299733233,4.001
"990",17.3920575109133,1.05873184634955,15.2697958258894
"991",17.4623949785884,1.44671941376966,12.2844855985209
"992",20.8496516043916,1.86490485177441,11.1572871963997
"993",16.168946179967,1.05612922213822,14.9729582914597
"994",1.67261953519108,0.398708334360068,4.001
"995",17.632819162244,1.37339120135884,12.9737975426541
"996",50.0148337330313,3.12712475154846,17.129549130891
"997",17.7194846911711,1.37256132896702,12.8736948985942
"998",17.7452573723356,1.55227814984957,12.0697723467843
"999",15.3549706955318,1.10667795490118,14.2664337990059
"1000",16.8116173625897,1.11248835955904,14.7021412833419
"1001",7.07997231263902,0.657818731406882,9.81113879005463
"1002",17.4922976660131,1.17343997131792,14.224093293058
"1003",16.3968117848743,1.34191844570356,12.2114858839334
"1004",13.1714337774872,1.30349286245827,10.8307233149463
"1005",17.5739208522732,1.45255048865633,11.9094440561766
"1006",16.5916367384162,1.31727454592848,12.7845371768896
"1007",37.7657309683068,2.14547885322131,18.6382834312668
"1008",19.9991941711509,1.45649751675361,12.9385003061659
"1009",15.6550126406502,1.02793756558274,15.0602544062191
"1010",22.4477578490681,3.42213571037332,7.2156546738436
"1011",17.3840261656581,1.67161853337651,10.7023221062373
"1012",32.5157854418884,2.10521312075209,16.2363333842124
"1013",14.5454361451232,1.03390550639628,14.9465233824104
"1014",17.0952997583192,1.38025379637939,12.6974388284959
"1015",19.4902878007419,1.93678636345762,10.4281299416998
"1016",20.4612472013798,2.42807603563712,9.14425426341468
"1017",3.55054187059688,0.502424688127086,6.38673011126355
"1018",34.8385752541989,1.95384134255475,17.4783661729141
"1019",18.0601070220959,1.59463761966984,11.6072802607842
"1020",20.2663263224944,1.43929679873705,13.3340421330888
"1021",20.7583017194669,2.12256045889039,10.0855066180842
"1022",17.0972095003568,1.34308617726834,12.6224736580433
"1023",15.4330773604942,0.99623624963501,15.2835263268689
"1024",18.8302157268984,1.31955740421704,13.7085327564596
"1025",24.8438131293873,1.53493606844179,16.2176555751356
"1026",16.7402185203649,1.30777291532497,13.0448012974557
"1027",20.3672782337836,1.51801598066675,12.7027253025835
"1028",17.5314512847509,1.52406897670064,11.9066644304474
"1029",22.9536051481597,3.47552037617886,7.2574299637164
"1030",11.5848836086298,0.911612825633599,12.6710218391263
"1031",17.6887034823272,1.22098339041084,14.0198619717108
"1032",18.2460643130777,1.2110324673199,14.3622464872723
"1033",19.5018853450732,1.36531380003039,13.4988277088278
"1034",16.1875323161747,1.04389087339214,15.1041461879001
"1035",17.7197913576098,1.58919772266038,11.7966705894879
"1036",2.11870147618905,0.356905010304972,5.3637845987747
"1037",18.0200285307444,1.39866614975,13.3376175357911
"1038",2.90908950765429,0.771410795306598,4.001
"1039",17.6693448417509,1.2483060628695,13.7672392188604
"1040",19.1620165021986,1.67167685056317,11.4699355656126
"1041",43.7596323139732,2.62067353222281,17.3780287865668
"1042",17.5180925406777,1.20919114777431,14.0823272147137
"1043",16.2885248930166,1.18021158072066,13.8428601574717
"1044",3.54241376391926,0.475404826011619,6.40351945213115
"1045",9.87050617051574,1.31133396187891,6.85425707743753
"1046",18.0546995143112,1.62150250740846,11.5714759442351
"1047",17.695280162924,1.19171626406308,14.2963166753698
"1048",16.3653870945881,1.06843181654759,14.9450744800191
"1049",3.12688233417926,0.778260004161349,4.0010000276537
"1050",17.430247318765,1.30177775517216,13.6394108686835
"1051",28.0317042977675,2.12026940828937,13.8376899589774
"1052",19.3749562808785,1.41287469680165,13.202305416438
"1053",24.2260184129468,2.43006785942344,9.51848446077492
"1054",3.77800700368188,0.516621413751416,7.0264747337956
"1055",5.91971886303094,0.627029156264205,9.08072043235028
"1056",15.1527445652526,1.07144657062456,14.5889096499235
"1057",19.2004503625167,1.36856215905326,13.5682547393662
"1058",16.8061246530392,1.31694803055448,12.9612917411483
"1059",19.8770250503786,1.44645184491894,13.0217093410948
"1060",17.064910012451,1.23322270100094,13.0127305225962
"1061",14.0532521867204,0.900640689874868,15.8228244035838
"1062",32.2688051740768,1.88665674413743,17.2279216191565
"1063",17.0042980057592,1.18476095180446,14.109570284257
"1064",4.13953165523957,0.513516357922404,7.32380529190752
"1065",23.7580965345914,2.17056043443323,11.1332380371863
"1066",16.6081672111131,1.21211109258583,13.6131939742427
"1067",17.4132299928474,1.61323385669532,11.2016662854308
"1068",18.3360715900289,1.44264482843571,13.1789208585754
"1069",20.5375971728231,1.46658055740597,13.2214272223267
"1070",61.9812314431653,4.10482699150689,16.0680497254796
"1071",2.1084117411914,0.471890276728191,4.001
"1072",17.1037609729737,1.16247737262987,14.375669508387
"1073",14.8275623919145,0.988200741029161,15.0624852962952
"1074",40.3725676369315,2.51583865853407,16.3135531842343
"1075",16.6613569187743,1.27656062223963,13.1640860147907
"1076",16.4690582884738,1.31709367787666,13.1262281655202
"1077",17.8005754966472,1.26102126690926,13.8274690921382
"1078",23.8577267093648,4.06989098374576,6.41120736325063
"1079",14.5773984481724,1.09631546468022,13.7649469668864
"1080",20.3959701777638,2.44940407760932,9.04568202196769
"1081",19.539225632151,2.12300496740171,10.0338362716352
"1082",35.4103328450906,2.73443372967162,13.1581973750926
"1083",4.78017252420695,0.77925205766506,6.21209491316827
"1084",25.7771654606708,8.20500232813704,4.0706969983715
"1085",41.2881330127974,3.15629068715098,13.2932062837704
"1086",20.5737399363248,1.94477650854532,10.7229217709897
"1087",38.2332046873513,2.2084086879442,17.8849097614828
"1088",2.394096456276,0.546669197337227,4.001
"1090",15.5797701677726,0.910545275162188,16.24142616297
"1091",37.16729090828,2.15188389693197,17.5278251168424
"1093",16.6968168687186,1.16247324771713,14.1869505658793
"1094",21.6049867287255,1.78258241916671,11.5604822453878
"1095",10.1060986278728,0.993046120258657,10.9776084658877
"1096",29.8991463607835,1.53948973756997,19.5385812274291
"1097",33.8121114514816,2.03007600790768,16.5931283785984
"1098",15.1253240906692,1.0275800419387,14.7613522813018
"1099",4.25996321280803,0.504624427364566,8.66674192780584
"1100",20.6539629676538,1.78125636317408,11.3692138057638
